{
    "AP": 0.049439944326877594,
    "AP50": 0.10574628412723541,
    "AP75": 0.04039179906249046,
    "APs": -1,
    "APm": 0.06071428582072258,
    "APl": 0.05013301223516464,
    "ARmax1": 0.10752279311418533,
    "ARmax10": 0.17285043001174927,
    "ARmax100": 0.17767854034900665,
    "ARs": -1,
    "ARm": 0.08571428805589676,
    "ARl": 0.180400088429451,
    "AP_/Bethu ko Saag": 0.1262376308441162,
    "AP_/Bitter Gourd": 0.12803664803504944,
    "AP_/Mushroom": 0.21679247915744781,
    "AP_/Sweet Potato -Suthuni-": 0.21970775723457336,
    "AP_/Beans": 0.0009328621672466397,
    "AP_/mayonnaise": 0,
    "AP_/Bread": 0.01683168299496174,
    "AP_/Egg": 0.3389401137828827,
    "AP_/Taro Leaves -Karkalo-": 0.007435004226863384,
    "AP_/Chili Pepper -Khursani-": 0.03728698566555977,
    "AP_/Chickpeas": 0.022133896127343178,
    "AP_/Red Lentils": 0.1748075932264328,
    "AP_/Cabbage": 0.33290544152259827,
    "AP_/Sajjyun -Moringa Drumsticks-": 0,
    "AP_/Beetroot": 0.04316478967666626,
    "AP_/Cinnamon": 0.00600810069590807,
    "AP_/Stinging Nettle -Sisnu-": 0.1342368870973587,
    "AP_/Artichoke": 0.028302213177084923,
    "AP_/Lemon -Nimbu-": 0,
    "AP_/Buff Meat": 0,
    "AP_/Palungo -Nepali Spinach-": 0.05593739077448845,
    "AP_/Black Lentils": 0.08368930220603943,
    "AP_/Fiddlehead Ferns -Niguro-": 0.02884199097752571,
    "AP_/noodle": -1,
    "AP_/Onion Leaves": 0.1782178282737732,
    "AP_/Carrot": 0,
    "AP_/Onion": 0.0004331683157943189,
    "AP_/Tomato": 0.055765874683856964,
    "AP_/Chayote-iskus-": 0.011252855882048607,
    "AP_/Asparagus -Kurilo-": 0.00004442752106115222,
    "AP_/Garlic": 0.00004304921822040342,
    "AP_/Ginger": -1,
    "AP_/Chili Powder": 0,
    "AP_/Sponge Gourd -Ghiraula-": 0.0023514851927757263,
    "AP_/Avocado": 0.10726072639226913,
    "AP_/seaweed": -1,
    "AP_/Nutrela -Soya Chunks-": 0.00029495940543711185,
    "AP_/Pointed Gourd -Chuche Karela-": 0.3042510151863098,
    "AP_/Butter": 0,
    "AP_/Cheese": 0,
    "AP_/Thukpa Noodles": 0.03333333507180214,
    "AP_/Broad Beans -Bakullo-": 0,
    "AP_/Brinjal": 0.02793479897081852,
    "AP_/Capsicum": 0.16947413980960846,
    "AP_/Gundruk": 0.019309574738144875,
    "AP_/Cucumber": 0.000243716684053652,
    "AP_/Beef": 0,
    "AP_/Tree Tomato -Rukh Tamatar-": 0.056909337639808655,
    "AP_/Ham": 0,
    "AP_/Garden cress-Chamsur ko saag-": 0.09630866348743439,
    "AP_/Jack Fruit": 0.13604184985160828,
    "AP_/Rahar ko Daal": 0,
    "AP_/Potato": 0.047914739698171616,
    "AP_/Soy Sauce": 0,
    "AP_/Coriander -Dhaniya-": 0.08178452402353287,
    "AP_/Green Brinjal": 0.07267263531684875,
    "AP_/Rice -Chamal-": 0.012109399773180485,
    "AP_/Milk": -1,
    "AP_/kimchi": 0,
    "AP_/Corn": 0.08034965395927429,
    "AP_/Pumpkin -Farsi-": 0.039174601435661316,
    "AP_/Okra -Bhindi-": 0.020082442089915276,
    "AP_/Farsi ko Munta": 0.029042905196547508,
    "AP_/Strawberry": -1,
    "AP_/Bacon": 0.15445543825626373,
    "AP_/Paneer": 0,
    "AP_/Pork": 0.0012111890828236938,
    "AP_/Papaya": 0,
    "AP_/Salt": 0,
    "AP_/Green Soyabean -Hariyo Bhatmas-": -1,
    "AP_/Crab Meat": -1,
    "AP_/Taro Root-Pidalu-": 0.0007457016035914421,
    "AP_/Lapsi -Nepali Hog Plum-": 0,
    "AP_/Radish": 0.23444129526615143,
    "AP_/Palak -Indian Spinach-": 0,
    "AP_/Garden Peas": 0.009590277448296547,
    "AP_/Ash Gourd -Kubhindo-": 0.009476738050580025,
    "AP_/Snake Gourd -Chichindo-": 0.0014464212581515312,
    "AP_/Banana": 0.09276127815246582,
    "AP_/Masyaura": 0.0005435672937892377,
    "AP_/Soyabean -Bhatmas-": 0.009096534922719002,
    "AP_/Chicken": 0,
    "AP_/Black beans": 0,
    "AP_/Moringa Leaves -Sajyun ko Munta-": 0,
    "AP_/Mutton": 0.0009335219510830939,
    "AP_/Cauliflower": 0,
    "AP_/Broccoli": 0.05544554442167282,
    "AP_/Turnip": 0.3859049379825592,
    "AP_/Bottle Gourd -Lauka-": 0.01586483046412468,
    "AP_/Green Mint -Pudina-": 0.072746641933918,
    "AP_/Rayo ko Saag": 0.027883227914571762,
    "AP_/Green Lentils": 0.20415951311588287,
    "AP_/Cassava -Ghar Tarul-": 0.00892439391463995,
    "AP_/Cornflakec": 0,
    "AP_/Bamboo Shoots -Tama-": 0,
    "AP_/Sausage": -1,
    "AP_/Ketchup": 0,
    "AP_/Tori ko Saag": 0,
    "AP_/Lime -Kagati-": 0,
    "AP_/Chicken Gizzards": 0,
    "AP_/Beaten Rice -Chiura-": 0,
    "AP_/Minced Meat": 0,
    "AP_/Red Beans": 0.024092920124530792,
    "AP_/Sugar": 0,
    "AP_/Tofu": -1,
    "AP_/Ice": -1,
    "AP_/Green Peas": 0,
    "AP_/Olive Oil": -1,
    "AP_/Akabare Khursani": -1,
    "AP_/Long Beans -Bodi-": -1,
    "AP_/Chowmein Noodles": 0,
    "AP_/Water Melon": -1,
    "AP_/Wallnut": -1,
    "AP_/Yellow Lentils": 0,
    "AP_/Orange": -1,
    "AP_/Fish": -1,
    "AP_/Wheat": -1,
    "AP_/Pea": -1,
    "AP_/Apple": -1,
    "AP_/Pear": -1
  }